<?xml version="1.0" encoding="UTF-8"?>
<project-private xmlns="http://www.netbeans.org/ns/project-private/1">
    <editor-bookmarks xmlns="http://www.netbeans.org/ns/editor-bookmarks/2" lastBookmarkId="0"/>
    <open-files xmlns="http://www.netbeans.org/ns/projectui-open-files/2">
        <group>
            <file>file:/C:/Users/jesus/Documents/USB/Prepas/TSU/Control_Acceso/control_acceso.X/keypad.h</file>
            <file>file:/C:/Users/jesus/Documents/USB/Prepas/TSU/Control_Acceso/control_acceso.X/lcd.c</file>
            <file>file:/C:/Users/jesus/Documents/USB/Prepas/TSU/Control_Acceso/control_acceso.X/lcd.h</file>
            <file>file:/C:/Users/jesus/Documents/USB/Prepas/TSU/Control_Acceso/control_acceso.X/keypad.c</file>
            <file>file:/C:/Users/jesus/Documents/USB/Prepas/TSU/Control_Acceso/control_acceso.X/newmain.c</file>
            <file>file:/C:/Users/jesus/Documents/USB/Prepas/TSU/Control_Acceso/control_acceso.X/config.h</file>
        </group>
    </open-files>
</project-private>
